id,dollar
35542,550
73460,1000
35238,12200
11545,7500
02108,170300
02109,5000
07461,1300
21093,1500
32233,250
55346,500
48895,500
00850,4000
25064,1000
74018,2000
74011,3250
74010,1600
74012,14000
46131,2000
98312,500
75946,4000
99999,23800
19971,6800
07032,65200
06114,1000
16701,18700
01451,2500
22480,5250
97330,2402
12010,564
97338,250
15483,7500
17252,500
63025,38000
63026,10600
10708,56020
63021,7250
63028,3000
10706,4890
10705,5600
21613,14800
21612,2000
84121,2500
84124,9600
45449,1300
45111,1500
85617,2700
85615,3500
85614,1200
44241,9400
44240,2700
01027,500
58078,2450
58075,750
01028,500
38501,5300
38506,500
75056,2500
94159,4000
70663,8500
90640,1000
11952,23000
14622,14400
18702,21150
78669,750
18706,1000
18704,7200
71753,21600
18708,40050
78666,1050
71754,77300
33509,6900
94541,1000
94547,1300
41562,4000
94549,22250
87109,900
87108,500
87101,2000
87102,3000
87104,10300
87107,5050
87106,4700
08053,8800
08502,200
40741,2000
40962,200
08057,21800
08054,34900
08055,9550
83617,500
83616,4600
07853,2000
23059,250
23058,500
23508,1000
07677,19600
07676,9600
07675,24600
23504,9100
07670,9000
27616,79100
27615,40050
27614,34950
27613,6000
27612,4000
27611,250
59030,1350
77979,12700
29102,1000
72704,750
72703,2000
72701,1000
12831,7000
92262,10750
26624,8000
92260,2500
92261,5200
95946,47700
92264,7000
95945,31300
66503,4000
66508,1500
65085,32500
55331,9900
55337,1750
06109,2750
06107,2000
06103,1000
92088,5200
92087,2600
92084,2000
92081,500
66762,1000
24701,5000
65263,800
92886,5750
77024,608405
77027,65620
92882,1200
73070,11000
77029,8000
77028,500
01844,4000
01845,4850
31904,5700
81502,27800
31906,2500
81507,2400
31902,25700
32224,1000
32225,1500
32226,6400
19707,34100
32223,5500
19709,3200
98109,10500
98105,39950
98104,18600
98107,9000
98106,400
98101,80250
98103,16600
98102,28945
94308,1000
94303,45800
94301,338100
94306,11700
94305,2000
94304,1000
11754,800
90814,17200
51104,16600
19565,3600
19567,1000
51108,15100
10463,8500
52101,30400
20884,500
64029,500
60015,11650
60016,5350
60010,207938
60011,4000
60013,250
80104,4700
80105,200
80102,2000
36302,3600
36301,3500
80108,80548
80109,5750
36305,500
21286,3250
46307,80340
05036,1000
45309,1000
45879,250
45305,3000
48226,17200
48221,2000
63141,186850
85755,500
99508,7100
77802,8000
99507,23900
99504,6300
99502,6892
99503,5708
99501,12500
78309,5000
77805,500
70345,63900
70346,4000
70340,9000
70342,157350
15701,35700
08520,10100
10576,1500
10577,1000
18936,6000
18930,800
78476,6000
18938,57700
78470,2000
30622,22600
30620,1000
59486,3000
80816,1000
54904,25050
97333,3800
89107,10400
37167,27400
89451,97750
89450,2650
40220,7200
40223,39400
40222,23650
40229,9200
06338,1900
24551,4000
28352,800
30336,184800
30331,4100
79708,30600
79707,20900
79704,2500
76164,8000
79702,172165
30339,24050
79701,230246
73669,500
77560,500
77563,500
77565,1250
77566,1500
55102,7500
72396,1500
55105,9200
06820,54050
06825,9000
06824,155400
06828,4000
91214,1000
35219,1750
35215,4600
35216,11000
35210,46000
10709,12600
35213,58650
11568,2200
02122,2000
47025,1200
02124,30650
02125,500
07446,4200
02127,1200
11560,14600
02129,1400
74030,500
74037,4125
74036,1000
98664,12850
97132,500
98660,250
98661,1500
97138,2000
73446,500
55812,750
98597,2000
44035,750
63044,750
63049,19200
49548,3750
49090,4000
49095,2000
49546,7200
84103,16100
84104,7100
84106,200
83203,5800
43147,7450
43146,1250
46515,300
46514,1750
46845,12500
46516,17500
75070,22250
75071,500
68112,5000
75075,7000
68116,2000
75078,250
68118,7500
60465,500
60464,12650
60467,9000
60466,500
60461,2000
60463,7000
60462,3800
70139,46402
70130,20050
70131,43900
58237,7100
13077,8000
13078,11000
02465,2500
02467,24700
02466,4100
02461,1000
44224,4000
02468,6700
64803,1000
18091,4000
27804,14250
87124,900
87123,3800
27803,10500
48051,2400
94566,15400
94565,460
04401,2000
91042,2000
04402,500
99712,1000
03755,30000
08077,200
68803,500
02809,850
07830,12400
02806,35100
07836,500
59014,2000
30295,800
15116,3200
29125,2000
47933,2000
78640,2000
78641,2200
78643,6500
78645,500
78130,400
78131,24100
78648,2000
31211,1000
31744,9600
76205,2750
76201,2500
49301,1500
07405,42200
95969,1232
95963,250
95212,1050
95966,400
95436,200
61036,400
61032,750
26544,19500
26541,2250
22030,600
22031,300
22032,2000
22033,11700
01864,1000
01867,4500
65203,23150
65201,2300
77002,629302
77001,13650
77007,160850
77006,5950
77005,210668
77008,57850
55317,3250
55316,1200
16001,17200
32244,12200
32245,6000
93111,4500
93110,23950
93117,4000
70664,250
98122,38100
98121,89550
17603,4000
52340,400
17601,45800
69031,500
52162,5500
25560,3000
60070,8500
60076,4000
60077,2000
60074,2350
80163,1000
93550,5525
48209,1500
99520,1000
90290,2750
90292,2000
48203,10600
83843,2800
53512,750
53511,500
10560,1388
12204,4500
12205,4000
12203,6500
70363,10000
70361,62330
70360,32399
36582,20950
10512,500
96701,11200
10514,9754
18951,500
18954,12800
18955,4500
21401,17950
21403,13600
67578,2100
86409,1200
01254,10000
04092,1000
04090,400
04096,13000
91342,12000
40202,11600
40201,2500
08330,2000
40207,55700
40206,11400
40205,8500
40204,16800
33957,42200
33956,300
33950,1450
14450,1000
28409,2904
94977,2000
28402,2000
58554,30800
30350,1900
34986,14150
30355,1000
34988,2000
89006,10000
89005,82450
55128,8500
55129,1900
55120,500
55124,1500
55125,14200
55127,6700
06807,25250
06804,1600
06801,1000
11217,10000
66044,3500
66046,1000
66040,1250
66049,3400
66048,2000
47006,4750
15320,9600
15321,1500
27006,1900
73601,250
78660,2000
74055,1600
08822,11500
98607,37700
97116,4200
19046,41500
32724,1650
16743,2900
16214,4850
32720,7700
57783,3500
94546,1900
19939,200
12054,5750
12056,7700
32960,10900
06379,6000
06371,35500
43837,2000
10805,4000
49525,3000
21654,2000
85381,2300
21658,8600
85383,27600
85382,3800
45402,2250
64491,1000
26060,12650
45409,3000
57252,8600
46530,8250
78646,1500
05776,2500
68138,500
01060,1000
01062,2000
75092,2000
68132,4000
68131,15000
68130,8600
60442,13800
94118,62750
94119,53000
60446,8000
94110,7600
94111,61580
70118,35850
70119,5000
94114,56550
94115,48350
53955,2100
90602,1000
36801,22000
90601,2450
90605,1500
14845,1500
54204,3750
58784,2750
14840,1200
02445,10000
36111,1250
44203,1000
36117,500
85658,1000
33548,2000
84523,1800
84521,9600
33547,5350
48075,29800
48076,1600
48073,8200
95647,500
95648,9050
23507,900
05149,2000
68863,4000
15139,18500
31763,1000
31768,1000
39556,4000
33896,4000
85004,4000
37643,250
33898,1200
78113,1000
30015,1500
30014,14400
30012,4060
72211,2000
76226,33900
72212,80955
92516,2300
76087,7000
50325,5000
50321,1000
50320,700
50322,6550
47250,2500
02865,12500
02864,435
66542,5000
26525,1000
28676,2000
01880,250
77069,11400
77068,2500
77063,4400
77062,1500
77065,43000
77064,28850
73034,21110
11249,2000
07762,500
19038,11400
19034,3950
19035,12000
65049,1700
32266,1000
00936,9369
11791,33400
11790,6000
11797,4000
61275,1000
27215,17850
60053,2000
60056,26500
25508,500
36344,1300
25504,35300
32348,2500
16689,2200
80634,122868
80631,21600
98145,2000
98144,19000
98146,46900
70560,13600
70563,14700
70562,4500
33407,17200
39823,2000
53090,6000
53097,7000
53095,8400
33156,90950
13224,10400
17087,500
10533,8500
53545,28600
53546,2000
53547,16200
70301,76650
63501,400
35661,250
18972,250
37343,4000
18974,13000
18976,7000
18977,1600
45342,10000
03909,1500
40049,500
92263,1000
03307,1000
03301,4700
78566,250
28460,1200
54016,21500
14305,600
18354,1800
27455,8500
94913,16700
38019,2850
79745,5700
38017,2000
38012,500
67550,1000
89027,1250
31024,9600
91202,1636
66062,24600
66061,11600
07481,21650
66064,1350
23228,650
23229,12700
27023,10600
23222,5000
23220,1214
23221,16650
48879,1000
23225,44200
15301,8900
50840,19600
50841,1000
35072,600
74076,1350
74074,2550
98626,400
92708,1000
35259,5800
39051,1000
92705,15200
92704,750
50158,14100
92706,3500
32701,2000
07450,9600
06357,1750
06355,5700
06426,33100
01430,2000
12077,4500
77471,250
77478,25400
77479,56050
02138,21147
46226,2000
49058,6400
71730,65000
49506,22300
46737,250
49503,48350
46733,500
98087,1000
98083,39750
45429,3000
45424,800
26080,1300
20143,4000
20140,6000
94131,12600
94132,900
94133,17400
38835,250
38834,500
52556,1000
60423,2800
60422,5000
60425,500
53937,22400
20105,500
80465,500
02421,7500
02420,31800
27596,6500
41502,37850
41501,18300
04110,37250
84501,31900
04118,500
70791,1000
48017,1500
29707,1350
37087,6600
33705,8000
33707,2550
33701,83350
18507,6500
33703,7000
18509,1300
18508,1500
71227,2500
33709,500
76798,250
34285,6000
76028,15700
34287,3200
39531,250
39530,6300
59501,750
77025,2250
31706,750
78681,1000
78683,2000
33563,2240
33564,1000
33566,4500
37664,600
73072,72100
37885,600
30033,2000
76248,500
76241,14400
76247,400
03467,7200
06907,500
66215,500
66216,500
66210,2000
66211,60700
66212,1000
66213,5500
66218,600
66219,9000
68847,2500
68845,750
68516,7400
47909,1000
28078,1000
68512,3800
47905,4000
22015,2600
02840,9800
22610,750
22611,4525
26508,382000
26502,3000
26505,5000
15010,2500
72944,5650
72946,1000
72231,2000
81501,230
73010,600
77046,61300
73012,122080
77044,1000
77043,6500
77042,27200
77041,3000
77040,27950
73018,600
92399,12000
81505,5200
35620,1500
19014,6000
32935,1750
19010,218650
07746,2000
16066,28500
93150,29700
65023,2000
61073,500
61072,2000
16063,24650
00919,600
93130,1200
25526,33500
80615,1600
80610,15800
02215,2500
10106,48000
26178,2000
42420,6900
42351,600
17313,2000
98166,9600
97702,2000
97701,2650
99568,1500
95415,1000
70546,20200
99567,2000
61920,4000
38125,500
53217,192300
53211,8450
53212,3000
53213,21900
37414,250
37416,7000
37411,400
37419,5800
91943,500
75110,1000
01749,34800
01741,5000
01742,71648
45365,35050
44012,3750
40065,1000
14145,650
05452,400
70895,1000
70896,12600
70898,5200
54911,3800
71055,29150
71052,13000
71058,12000
33919,5800
17945,10400
37919,23100
33912,25800
18336,1000
33916,24000
79768,12100
94939,7100
79761,9300
79762,59800
79763,9750
79765,32400
38034,500
67530,5900
85936,2400
47591,200
40245,11450
40243,2000
40241,2500
02180,4000
02186,80600
02184,15800
44308,60700
15360,126600
15367,44600
31516,5300
78962,61300
19468,750
19465,58850
19464,5700
32547,9000
32541,5000
19460,13000
01983,9000
01982,8800
29360,2000
72556,5000
88312,750
25545,1000
08807,2000
50021,1000
56437,500
24467,1950
32092,9500
32763,3500
32765,10950
22152,500
22151,6500
22150,1600
06405,39900
22405,500
77459,760
77455,500
77450,2800
46783,6500
65584,800
46710,1210
46714,250
23356,3212
93451,2000
57747,5600
57744,2000
22513,1100
60156,8000
60402,500
60401,500
70150,42400
70153,16500
46304,500
85340,3400
20124,8000
48657,2000
20122,2000
20128,16600
48382,1700
48380,8000
48381,1500
44718,8200
80401,63800
80403,3000
41071,19200
59747,10000
45002,300
59741,1000
41075,3350
04468,4500
48038,250
10471,182450
10470,10000
99004,1000
78374,15000
65803,2000
95603,4000
95604,2000
95606,14200
33762,2000
45877,1000
33760,78620
37069,19400
37068,5500
14806,13000
71203,3000
37064,78600
37067,500
37066,26300
18832,1000
59520,400
30582,326
30236,900
30233,17200
29180,3370
78155,1500
31721,4500
37601,40000
33584,500
37602,12000
37604,36400
83864,2400
99509,4500
67278,52100
30057,600
30056,4000
03449,3400
03444,10750
03440,500
03110,6000
28056,2100
98291,4000
76006,5400
72032,17750
72034,13850
76003,1900
34240,2250
75068,5950
76008,1950
28584,1000
34241,300
77207,105200
91352,5950
76262,45400
91356,20000
91604,25250
13691,12000
92807,1800
73566,3050
11201,64650
89521,3500
11207,4000
11206,8400
11209,33850
19072,4250
07728,10500
51360,500
32951,9500
19075,600
07723,7000
07722,5250
07724,4550
07727,3000
07726,20400
61053,250
25320,3000
25323,6250
70125,13200
82637,1500
82633,500
12301,5000
02238,10200
02230,1500
42400,4000
46385,250
42404,24250
56601,1000
10918,5300
95472,1000
95476,1250
53058,4000
10312,11400
57006,26050
10314,2000
53051,5350
16426,750
60095,500
60097,1140
60090,2500
60091,110000
60093,362775
49242,20250
94070,500
72908,41888
01760,2000
70520,7500
91331,1000
58602,20100
58601,40100
72902,13700
53581,10610
53583,500
53589,1000
18643,13100
78520,9500
54729,4000
94404,500
94402,1000
17929,400
87048,13150
27410,500
87047,500
87043,400
40000,2300
40003,250
40004,12500
95833,1500
83205,1500
67042,7350
44039,1800
67516,4000
77080,16500
89060,1500
29045,1000
07701,3000
47714,12150
47715,5800
89504,12020
47710,4000
47712,1250
15436,400
15342,4000
59263,12500
92121,12000
92120,21200
92123,250
92122,2000
92124,7600
92127,19200
92129,500
92128,1700
60193,2500
59483,38466
32563,3500
32561,9200
60196,2000
19446,9850
19444,250
34749,13200
01960,1800
34747,15800
48045,22400
39095,1000
94550,2200
39090,250
27816,5200
50112,2000
50111,12560
61550,2950
65616,1000
65613,200
06468,29100
55391,51550
06461,500
06460,3600
06390,1900
77433,71000
77430,240
26330,22350
77437,200
93292,2000
33405,6000
25901,7200
61701,1300
90401,16800
90402,133639
90403,10000
90404,3000
90405,2750
17104,500
98229,18800
98225,2000
98226,7000
98227,8000
98221,2750
60173,3650
60172,11000
03031,16600
60176,6000
60175,1000
60174,39750
60178,3250
74169,6000
49015,16000
49615,1000
80241,750
80247,2750
80246,25400
85365,2800
85364,250
85037,500
84098,2000
62828,4000
20147,13900
20144,2000
84092,7700
84090,1000
84097,22500
84095,1400
08066,5700
80421,2000
33764,3450
83605,300
46590,750
41018,1000
59725,3000
41011,250
27884,750
41015,6500
41014,3650
41017,8950
10458,6500
10103,134400
95628,1850
21769,4200
33036,4750
33037,69950
54915,1250
33032,1000
33030,4000
33031,500
30215,5500
30214,10400
80936,2000
37620,27400
68739,1000
83014,11500
24279,4000
28031,750
28037,12630
76063,2000
76061,2000
76066,2000
76067,500
34242,15620
72018,4000
68883,1000
76068,5700
13905,4550
77229,1000
77227,48800
77226,47200
18104,44500
18106,2950
18103,76550
18102,4500
30076,700
30075,20000
72901,3250
72903,83518
38261,4900
72904,15000
30078,3400
77089,800
31301,1500
77082,2850
77081,13300
95831,2000
77087,5000
73507,1000
77084,17800
89507,19200
07702,7000
11229,2350
11228,8000
89509,37946
11223,3400
11220,6200
19050,4000
19056,500
22302,26800
22303,5000
22301,26800
22306,5350
22307,28750
22304,50000
22305,9250
22308,13800
22309,32150
61705,2250
61704,15300
25309,1000
25304,45350
25303,14400
25302,500
25301,4800
23434,300
72132,2500
79705,144282
94952,200
79703,45830
42461,1000
76210,1000
06074,1400
06070,778
88101,250
56241,36400
56374,500
63701,8654
57029,800
63702,1000
57022,26800
33149,4400
33410,105350
21157,1000
21152,400
21153,5000
12758,55000
33414,35000
75483,1000
33415,3000
81652,1000
81650,1400
81656,500
64088,250
26105,74500
81658,3500
64083,2000
64082,2000
64081,4500
64080,1500
05672,1050
05674,500
14221,1800
01701,22500
75154,5636
75150,5300
46901,1000
53074,3500
53070,10100
70058,11600
53072,23750
70508,221100
70507,8402
70506,3000
70505,41500
70056,2000
70503,8500
90210,52600
70501,50600
90212,750
33487,4000
71909,400
33483,20600
33480,431950
05495,500
71902,2000
05490,3320
30144,500
60617,500
60614,60950
60615,3500
13152,30400
60610,25000
60611,292550
60618,3100
10591,1000
36509,1000
10597,2000
36504,500
95110,6000
36502,13000
54701,7750
37909,1300
91103,1000
91101,31244
91106,6400
48170,1500
91104,4000
91105,14550
17901,3000
91108,27050
48178,5000
83226,600
87024,1000
87025,1550
44056,1200
44505,2000
40027,15200
40025,500
40024,250
40023,600
57532,1000
78599,5000
02940,4000
78503,2600
78502,600
78052,600
03097,2400
92108,5800
92107,800
92106,1000
39305,70100
92103,6444
39303,34700
92101,3950
39301,1000
88355,22800
91810,4500
01945,5900
01944,1500
50131,17750
08840,1250
08844,250
12946,600
06443,37500
61571,500
26351,10600
86305,3500
77412,200
26354,77800
86303,3500
77418,9600
43701,1200
19421,17500
32503,39600
19422,19000
19425,15400
32504,5000
32507,1300
19426,8600
19428,16000
93275,400
93271,800
98028,4000
98026,16000
81654,1000
98020,250
98021,1500
64086,11500
57702,62620
57701,3000
11416,2000
81301,8100
57709,151474
26101,4800
98248,800
98249,500
98243,12000
98241,1500
60118,5000
90680,2000
60110,20000
60115,10850
13367,600
80220,20000
85303,1000
80222,5600
74147,9980
80224,1000
80227,12300
80226,25400
80228,1250
20175,2000
42071,4800
45236,2900
48348,4350
45226,15932
45227,1200
20164,250
45223,250
48340,1000
20171,7500
16877,7700
97225,10000
97224,2200
12141,8700
97221,4150
97220,400
12149,15000
12148,250
97229,12000
97228,2000
90026,2000
90027,2800
90024,19850
90025,55232
90022,1500
90020,4000
99040,5750
45042,5200
59701,200
45040,29800
59875,500
45044,4000
10128,283400
10121,2500
54935,9900
63138,750
21740,1000
33010,4800
37027,48050
63132,6200
37028,8850
63130,21650
63131,332300
63136,1500
33019,1500
71241,4000
80911,4000
80915,950
80919,5000
68713,5000
68716,7000
68715,400
29492,12000
44313,16100
44312,201100
67230,10150
44319,4000
24212,2500
24210,3250
24211,15250
62260,2500
62269,953
34223,6350
79068,250
34224,500
76040,250
34228,87000
34229,47000
70509,450
53073,750
07092,40000
07090,8700
91316,15300
72923,1250
90211,7750
70053,1500
30097,70108
30096,13250
30092,4000
23183,200
23181,3000
23187,2000
23185,12350
93646,500
23188,3100
61761,1000
87823,9600
15067,23200
15066,164400
15063,118700
59718,750
15068,14400
94129,500
23451,3000
23452,250
23455,10000
95630,6250
76958,2600
27292,1000
73521,1000
39111,750
39110,7750
92662,2000
92663,11000
92660,87132
92661,7600
95818,10000
95819,500
74804,3500
74802,500
16601,2400
16602,27750
74801,8650
32336,7000
06058,2500
98499,20800
98498,3500
06052,1000
98444,3450
10950,10400
65402,1000
43064,1000
43065,37950
81323,7200
81321,750
81632,1500
81326,1800
26164,7000
46256,16800
49201,7000
46254,1000
46250,2000
63857,300
75601,22100
75606,10300
75605,2500
75604,500
01721,250
01720,17000
60585,2000
60580,5200
94030,2000
38401,1250
53012,3600
53013,2250
53011,1000
53017,1800
57049,14404
90232,4000
53018,7000
90230,2000
33469,37900
58647,1000
58645,5000
14127,23700
33467,2500
33461,1000
33463,3240
33462,25600
52722,5450
71602,1000
70381,127200
70380,43100
60638,23600
60634,600
60637,25978
60630,6000
60632,2550
36526,11000
87002,1000
48150,2500
48154,2000
87008,200
62675,250
67002,4000
67009,3900
39759,4800
71655,250
71651,1000
44074,3750
02632,500
44077,23600
15658,15400
29550,500
29003,9700
78072,30600
48176,1500
37920,15000
37921,3000
37922,38250
91107,22350
66604,1000
66601,6000
01921,1000
34787,2000
34786,13900
77380,112700
92780,503
77382,50650
77384,250
40403,1200
77388,17600
77389,5200
28209,3000
28207,182093
28201,2000
22469,1000
93257,200
32839,900
64034,500
19406,16100
32837,6000
32836,2000
19403,2650
19401,500
08628,51600
44236,47700
07512,5200
96155,16700
93436,2000
02038,8000
32789,61250
51601,400
32780,2000
60137,23900
56058,1000
60134,17000
52002,14750
52003,20800
52001,2000
52004,1000
36207,18800
25444,3750
25111,15500
74128,400
80759,10600
80209,26050
80206,143317
80204,1000
80203,19200
80202,68874
74127,1250
98004,194504
98005,250
98006,19800
98007,2000
98003,600
98008,500
98009,73900
99202,1000
99208,1000
93924,2700
93925,6082
93923,16750
93921,81910
57186,15192
42633,2000
98260,9700
97202,31200
97201,24020
98264,800
97205,1000
97204,3000
97209,46200
90008,1500
63110,2800
63112,10000
63114,30000
63117,18101
63119,77100
54952,45300
33070,500
33071,250
54956,24300
45206,78800
45202,12000
62864,11600
45208,33800
45209,600
62860,7400
49417,1000
01118,250
48092,5000
48091,500
45066,51600
45069,5900
48098,88800
68114,29100
44333,97500
75077,3500
40361,1000
40362,29200
58324,6000
28562,2000
75938,1350
79003,250
76710,14150
76712,600
62249,750
34208,1550
34209,1600
30525,2400
34202,1500
30253,14700
30252,1500
30250,2000
82901,1750
79059,1000
07078,33750
07075,14400
07076,19250
07070,8700
07072,5200
67212,13000
67211,1300
67218,9600
59327,2000
15044,10200
87801,200
29615,86900
73099,58450
92648,2500
92649,6000
73090,250
92861,3000
92646,3250
70647,46600
92867,6500
16662,2000
32312,11250
19362,2000
74820,30500
06033,2750
06031,3473
77598,1750
06034,4200
21113,1600
21111,2600
21114,1000
22701,25000
65466,4000
26143,4000
77627,3750
81612,30000
81611,126739
26149,500
92009,2000
43512,750
11598,1500
46278,5250
39302,9000
94010,19500
75663,44100
75662,500
94019,59000
94018,800
70011,8100
90250,4000
90254,1000
72918,7200
53039,500
29341,740
62471,2000
18940,17550
54562,4000
33441,20800
11976,500
75686,1000
60659,800
36547,18600
72916,18400
60657,26400
60654,75250
60655,1000
85044,250
65775,9650
85042,4000
85043,4800
85041,2600
85048,60650
62650,32000
62656,1000
34949,4000
34945,9600
48135,4700
34941,2000
44221,750
95765,3500
95762,13400
67024,2400
78278,29200
71635,10600
02650,3500
41774,210
76366,3500
06855,1700
63304,4800
63301,23200
63303,4500
63302,500
29572,53300
29575,35874
29576,9300
29577,5000
37766,1500
33990,400
78015,12000
15904,4000
15905,227
76503,250
76504,1750
08085,4500
95370,804
39341,6000
08080,19600
07719,21200
02903,17500
02906,4900
02904,850
18092,5000
02908,2500
01904,1000
40423,6700
03237,500
72957,1000
03234,250
26257,10350
66085,11900
11023,200
66086,500
87125,4000
28732,250
28227,4500
28226,14500
87122,23150
06489,7500
87120,49350
43212,26950
43215,49000
43214,250
91046,1200
93232,250
89158,8000
11368,500
11366,8000
94563,26900
11365,2200
11363,2000
55748,420
91504,2530
91505,9600
61350,4000
55038,1000
91501,3500
32812,2000
91040,7000
32817,2750
55746,6640
32814,500
02018,2000
02019,13000
21208,6000
75204,66150
65679,1000
25130,2400
64108,200
64106,7250
60481,204900
02330,1000
74105,50000
74104,23200
74103,7000
74101,500
02339,9600
46064,2000
52245,800
52246,2650
52247,500
52240,200
75209,138366
52242,1000
98065,200
99224,500
99223,500
85023,2200
93908,72492
80487,10400
85024,250
93901,59100
02481,10950
61824,4000
61821,1500
56073,1200
97267,500
90068,2000
95682,1000
10169,2000
90066,3500
90067,44550
90064,6750
21703,3000
21702,3500
21701,1000
84070,500
75270,3700
14880,500
60139,250
48302,10850
48303,18
48301,250
48306,5950
48307,24600
48304,84700
44683,800
85704,20225
85701,3250
44685,5250
44135,11100
40165,2000
44131,9600
07834,2500
37681,7500
14085,1200
37686,27500
02804,500
68028,21370
68025,23800
70737,500
78480,2800
77094,12550
62221,1000
92677,27500
62226,3500
32502,6000
73533,3200
30506,2000
30504,1000
89703,500
78738,60250
78739,1000
78734,8000
78735,39000
78736,200
78737,5500
78730,20917
78731,6550
78732,10500
78733,2700
07059,1000
07052,2000
07050,2000
07055,1000
92679,23150
83703,500
83702,200
29902,5000
83706,1000
83704,700
29909,1000
83709,6000
07945,78600
47304,250
07940,3750
27701,4050
27705,19550
15021,53700
15022,27000
15024,6500
35130,2000
29631,2800
73702,10900
73703,27900
78861,2500
31210,9000
94521,600
76001,3750
39157,9450
39158,6200
92629,29500
92620,2500
92626,21500
92627,1000
92624,12000
92625,40350
16648,73320
74848,500
19348,54118
19342,10500
19343,2000
06010,1000
06013,11150
06019,5100
21139,1500
21131,1800
21136,5000
22724,800
43537,9950
81362,1000
43023,4800
43026,14600
46217,250
17517,1000
70039,500
90278,1200
90277,11850
90275,6550
90274,36950
90272,68278
85281,50600
85282,4750
85284,750
85286,20500
52761,4400
33602,1000
20007,486276
36564,1000
45387,600
80549,500
80016,2000
45381,1000
80547,13300
80540,400
80013,5200
85062,6000
80011,2250
04562,1000
48114,500
20910,16850
20912,12750
63090,16220
08648,4000
95746,25100
95747,1000
78259,46075
78258,52200
33425,9000
71611,26300
78251,7200
71613,4200
78257,18600
78256,2000
12934,2275
76340,5000
37217,500
37215,60300
37212,500
45846,2000
15925,3000
03782,29800
50266,24500
03038,2000
26726,1000
50263,4000
95356,750
95355,500
03788,500
50268,6000
03033,630
03032,500
02921,2500
77345,28250
77346,2000
67401,1000
53528,4000
80223,6000
03253,13450
03257,20400
74146,178500
74145,9850
94596,2000
94595,1500
94592,250
76520,500
94598,4500
07306,800
73118,128300
73114,10300
73116,209900
73110,750
73113,13300
73112,41900
43235,6000
43231,1000
43230,15150
55016,6500
19115,2000
19114,8400
19116,18900
19118,11500
89130,11400
89131,36950
89134,53150
89135,1400
35476,12000
15330,6000
76834,400
02072,7200
23805,750
82718,2500
46750,500
82717,15950
82716,2000
43947,2900
25159,13600
43940,327300
43943,9600
43942,11600
74470,5500
05667,13000
97068,6000
98040,35900
98041,300
04073,800
19803,3950
19802,800
19801,63500
32127,600
19806,500
19805,4800
32124,1000
19809,1600
19808,4500
01525,2000
01520,2500
61802,1000
64121,1000
64129,2000
57324,500
20166,5100
49635,3400
63401,800
84010,250
75254,1000
75252,5200
45248,5600
45249,9500
22039,800
45241,29000
45242,137300
48323,35200
48324,1000
45245,20000
48326,2000
45247,31540
44118,36250
76309,17200
85728,4250
44116,65200
44114,5500
49451,2000
49456,1000
94606,1250
94607,5200
68008,800
94602,18500
41094,8000
94608,6300
94609,1650
90041,12550
90042,1200
90045,500
90046,1400
90049,90100
73059,600
71409,500
14207,400
27514,8250
36602,1200
21209,4000
36608,13300
36609,8000
07030,7400
78759,1000
07035,19600
78752,1000
78750,500
78754,1000
41635,1000
70510,1000
04046,4000
37876,2800
29928,37400
29926,54450
29388,2000
07960,111150
33823,1600
23124,750
30809,2000
15005,9600
48917,2000
15559,2000
48912,500
15009,4000
48910,2000
16002,65500
45043,9600
29650,27090
77801,200
77807,1000
35111,16452
79404,1200
79407,1400
78801,1400
79403,200
72450,1700
79408,7000
32461,1500
06783,3200
06784,2000
44805,1550
92602,9600
92603,21900
92604,500
92606,8100
50038,800
35801,14100
35803,2000
35802,4000
35806,200
32608,98304
32609,1000
32607,1900
64804,470
26452,1500
64801,47800
98383,2500
98382,2000
98126,600
54937,9600
98125,4500
77661,1000
43551,9800
43004,5850
31833,25000
16117,36950
74868,51400
93007,500
93001,2600
93002,2000
63137,1500
85268,3300
85266,2500
85262,21050
85263,21999
85260,13100
62439,4700
20607,10666
80033,1300
80528,12000
46236,3374
80521,3500
80526,3500
85007,800
80524,600
80525,59850
04548,1000
04543,500
04547,400
20707,400
99163,1400
78231,3750
78230,80950
78232,11200
78239,5200
78238,500
58801,12600
58802,500
33158,2250
33408,122600
33155,1400
33154,2760
33157,22400
33404,5500
33401,63500
54520,2500
15632,2600
63349,2970
63348,1500
63343,1500
84604,4500
50208,2000
47803,1500
77328,500
38120,7050
91724,11232
79360,400
91723,1050
77498,250
73139,2500
73132,1000
73131,83150
77494,4550
77496,10400
73134,33700
89110,1200
89113,64300
89115,2000
89117,6800
89118,9500
89119,14550
89448,500
55073,300
55076,3500
55077,1000
32859,74200
19130,9950
61310,250
02050,400
02053,25800
47112,500
47119,8500
65810,250
04843,200
22193,2000
43968,500
43962,1915
88242,35250
88241,10400
88240,40700
97005,1000
97007,10750
97006,2000
92014,10750
92013,2000
92019,900
93940,550
63640,400
67235,3550
53151,2000
53150,2500
21071,5300
87508,3200
01507,250
01505,3000
26241,3600
60192,1000
60195,500
60194,300
64145,2000
49331,2000
21218,7500
21210,19500
21213,5100
21212,29500
21214,225
21217,250
75238,1250
75232,60000
75230,177200
84035,1000
75234,10000
75235,16950
45631,804
43617,250
03862,2500
03861,9600
85749,1700
85748,500
85742,12250
85747,500
68069,5550
96840,2000
70774,4000
70775,36400
90712,2150
70777,1000
54311,2600
54313,1000
18219,750
14226,7800
71135,5150
71134,10200
71137,23600
04683,500
76049,8800
20036,113566
20037,38100
08230,97000
94109,7750
60477,2250
07016,17250
07013,250
07011,4000
07010,1000
48706,4000
04069,500
29419,1000
29412,3750
29415,4500
07901,72400
47610,4500
30817,1152
87714,3200
12526,1500
29673,2400
29672,43700
29671,700
77868,3500
39441,2000
39440,28900
29679,5100
79423,690
79424,158300
55442,17400
55441,7300
55440,11500
55446,2000
67853,2200
06762,6400
34667,2000
50010,8500
92373,402
92374,1000
39194,500
61451,750
61107,3014
70364,29000
32446,400
28103,300
98368,1800
75935,800
98366,400
98363,7500
98362,500
29941,5500
96007,1200
19301,2800
93023,2250
74884,8500
17557,12018
98503,9512
52411,3000
17552,2600
98506,200
53562,21786
60504,14400
60502,2000
60503,250
13421,5200
85248,2000
85249,12200
24901,10400
27301,1000
29356,8000
27302,500
69101,3400
27909,400
52403,7700
32169,68000
99361,1460
85020,15350
85021,22100
85022,3950
80503,23900
80504,3500
85027,2400
85028,6600
74332,1250
45701,5000
10028,100150
10029,5300
10027,4000
10024,240850
10025,34600
10022,351816
10023,182747
10020,41300
10021,171360
71303,2000
78218,2800
78217,12600
78216,26334
78213,24000
78212,23350
62906,400
33173,20800
33172,11500
11570,2000
33176,2000
33175,1500
70433,19500
70431,1000
70437,2000
70435,1500
70438,11500
63367,161100
63366,25900
63368,1000
24018,1150
24019,1000
24014,5100
04210,750
83353,5150
50220,600
30152,1000
76308,21200
76657,2500
76302,2000
76301,5900
67443,3000
77302,600
82930,500
77304,4000
77305,4000
77306,1800
33825,250
18020,21000
62016,11471
38104,3000
38103,14400
38108,4000
15963,1950
93704,500
89460,4500
25825,2500
29901,3540
15216,2800
15217,17092
15215,44650
15213,23150
15211,35650
87505,79200
87506,38600
87501,39070
12538,6000
15219,100400
73154,7200
73159,2750
73158,1000
74436,5000
22101,268894
42502,1000
42503,8000
42501,500
88221,1600
88220,9000
97022,2000
92037,49750
56501,3000
32162,9600
96734,60700
96732,4750
61842,250
65747,31200
21050,2500
21057,4000
01569,730
01564,1200
64168,13492
46375,500
49673,2500
21230,2000
75210,1000
75214,18600
75219,321510
11212,2000
98198,1000
98199,6500
41858,5000
03849,7200
57104,7200
57105,100198
57106,250
57107,2000
57101,7200
57103,26542
99824,200
99827,500
57108,39840
58103,28674
58102,7400
54484,2880
58104,27800
52627,2600
17055,9100
17050,1750
68046,1000
13215,2000
14454,600
36420,13600
54669,3200
33615,17800
33613,4500
33611,500
20010,32350
20011,30550
20012,25150
20015,23450
20016,191559
94708,1800
62711,11500
94706,500
94705,41100
94703,1500
94702,3000
04662,2000
83501,1250
95811,12000
95812,4000
08742,2700
08215,3468
44622,200
84414,260
47452,2600
15771,904
48722,750
48723,500
39568,1000
95112,8600
99645,1100
95118,2200
71115,5500
71111,46350
77908,500
76464,1410
76462,500
37912,30050
72143,1000
28405,500
59412,800
95076,56050
77845,10900
16603,3000
29691,2000
77842,2000
95070,28747
77840,1500
37111,1000
34134,84204
34135,15040
33165,1800
91911,1000
91910,2000
72366,800
44842,2500
44846,2250
07924,4000
07922,2000
07921,5200
07920,6700
07928,66400
06525,1000
26411,9600
26415,24300
57363,4000
55425,8000
55424,15200
55426,800
55428,750
28120,1000
02025,37500
38930,500
98342,2000
98346,6750
93514,13000
07430,750
02152,2000
16159,1500
60525,3000
60527,17100
60521,75650
60523,16800
17202,5200
17201,13300
16148,1800
00802,5000
85226,205300
85224,8000
85225,1000
82923,1250
46142,49085
46140,6500
45140,27950
42241,3000
42240,1000
10004,17050
10005,29000
10006,24700
10007,10600
10001,24100
10002,2000
10003,52864
20017,1500
10009,1700
44901,2000
94707,300890
33119,4000
62969,10400
84171,40100
70458,4975
70451,600
70454,12200
63385,500
75006,7450
75001,5250
75002,1250
66221,15700
49801,1000
04270,1500
08550,3000
03053,33500
03052,2000
03051,10400
08002,5000
71854,14859
30135,29200
78636,800
78631,200
78633,600
78639,500
77984,500
33803,1000
33802,1600
33801,3000
53558,500
37857,22500
14580,36800
80237,77300
27527,1000
27526,1000
79325,800
17857,2000
67601,62600
66801,5000
31405,2000
31406,2000
89408,2000
07608,1000
89402,13000
89403,1600
07605,6750
02891,4500
93727,6000
61604,800
59062,450
59068,2500
67460,13000
25801,28800
25802,2000
28804,18500
28803,60502
28801,3500
46037,500
76859,500
87529,64000
15238,116000
15239,500
82003,13700
15235,4500
82001,14200
15237,37800
87527,400
15232,8200
42045,500
92584,250
73173,6000
73170,10250
88202,13900
88201,10000
98750,250
50606,450
92058,1200
92052,2000
92057,400
21031,4800
21030,2300
21032,2200
21035,3000
96753,9000
96751,1500
96756,800
22044,13300
01545,3000
22046,36050
22041,39550
01810,4000
22043,3500
12188,2000
12187,500
12182,9800
12180,12000
77726,500
77720,1000
43928,7200
43920,1700
46350,8000
49129,600
49127,217
49120,750
01609,10600
01602,1000
75762,400
75763,1000
28793,4000
79922,19600
99803,1100
99801,4450
53110,2000
97405,1200
97401,6500
97403,500
14001,800
96808,1500
96809,1000
20782,1200
17070,1650
28791,6550
90755,500
13642,4000
33328,4000
84780,41400
54603,1000
33324,1000
77015,400
87327,1000
04640,400
83835,17500
02779,500
10601,8000
02770,6500
44601,1750
41653,2000
04021,2000
99664,4900
15757,3400
99669,18600
95133,1000
40383,1500
95130,500
29325,4000
29455,23950
18011,1250
29451,2750
78408,9900
78404,8400
71463,1000
78401,1800
15537,54224
33830,2000
76116,500
76113,500
76442,4000
39401,800
39403,15500
39402,11550
95051,1000
19028,10050
06890,15363
06721,8550
34119,3700
06896,11500
91770,14100
34110,48400
34112,1350
34113,105300
14120,4000
28329,1000
23146,2500
06092,11000
06093,3000
95073,53400
29693,2450
26430,5000
77532,2600
77536,200
86001,27250
32408,37200
32409,600
91935,750
55409,200
55406,1000
55405,6428
55403,10100
28147,1500
28144,20000
28145,500
95442,18250
02171,15500
07410,1750
07417,24000
37034,1500
93066,1000
11530,16750
51239,1000
60540,38100
60544,3000
25015,9850
85208,400
85209,16700
85203,2500
85205,24000
85206,1650
85207,300
27344,1000
25276,14600
99326,500
69141,2000
64465,44950
02540,1500
17267,7500
17268,1600
97367,800
10065,67100
10069,63500
63015,2500
63017,91700
63011,8750
02889,2000
33139,44700
33138,5500
33137,76800
33134,224900
33133,76100
33132,1400
33131,5000
62948,2000
10281,2000
46835,400
75023,600
75022,22950
68434,750
75024,500
95683,6076
04250,1000
08530,91300
08020,2000
08534,30500
14619,1000
14615,1000
14610,3250
20195,250
20194,7650
20191,4550
20190,7100
79124,4000
38671,2000
20198,21450
70471,35100
30114,1000
30116,11840
30117,2000
31799,4000
78612,1000
20872,2300
47630,3600
18069,29600
18062,4100
37830,3400
20871,800
54145,2500
18064,10100
91741,5000
94515,6550
91744,5750
91745,2350
67663,14300
83313,1200
29842,1000
67665,2800
07627,5000
66534,2500
66536,1200
59047,2000
72134,200
29151,5000
74965,500
72135,2000
87544,2150
72756,6880
72757,5000
26062,3000
12570,880
92211,250
92210,1500
39236,20300
19083,20000
19082,1000
73093,1400
19087,113950
19086,1000
19085,80550
16506,24800
16505,6450
16051,37750
32210,12650
55369,7600
48375,15892
92078,1000
65706,1000
65251,2250
21014,1600
21012,15220
65708,9300
22066,12350
75560,1000
77704,75200
48197,500
77706,2750
32217,10050
46624,2300
03885,11200
79902,1000
79903,500
79904,400
03883,400
75702,600
75703,6350
75701,21723
75707,1000
90510,2800
93306,3800
55422,1250
93302,3000
93303,1800
11704,3550
96779,1000
11706,7200
93308,1500
11703,600
62535,250
97426,850
97424,2150
96821,8250
96822,27100
96825,36100
96826,4000
60025,103880
60026,22900
60020,250
60022,19850
17011,8124
17016,400
17015,4800
53821,500
05060,200
80138,7000
80135,1200
80134,54800
35758,10600
80132,3700
48503,500
62281,9000
68135,5000
95815,18000
95482,800
44663,4000
08701,8400
95488,2000
83815,500
22835,5650
42104,31200
78070,900
42103,19000
54448,22100
41101,2500
41105,2000
70115,9900
60441,750
53534,3000
60440,1500
10543,21450
53538,800
95159,8100
29302,200
29301,800
29307,750
33301,75373
33302,750
33303,18700
33304,10950
33305,10100
33308,3200
54629,4500
18901,19700
60449,5000
59904,1000
30309,2500
30308,23000
97886,1000
30305,137050
94116,750
30307,900
15084,600
30303,1000
94117,29850
95032,10552
95031,500
95036,500
95037,800
95035,800
39427,2300
39426,400
44089,11200
31650,500
06878,51430
06877,21250
06870,18750
85322,8000
40509,9600
40507,500
03570,42400
40502,22125
28304,700
58504,30500
28306,8200
28307,1000
58501,9500
28302,4000
58502,8200
24504,11100
24502,1850
24503,2500
72103,16600
76132,6250
76133,2200
77551,2000
53224,23200
53226,9000
28164,500
10520,2600
34684,1000
34685,500
35226,1000
35223,139000
11559,13000
43081,5850
43082,11350
10528,68000
43085,33700
02119,67798
02118,5500
02110,17650
02113,1000
02115,19900
02114,7700
02116,76350
22215,10000
22213,6000
25071,2000
25070,750
60560,5750
60561,21500
60563,7500
60564,8000
60565,4400
19073,42550
21042,9400
99301,1000
96744,25700
19946,700
85080,13600
85086,1200
19943,2000
85085,16000
02563,5000
02564,9000
88011,500
18966,800
97302,10000
97303,2000
97301,439
17243,1500
97304,600
17240,500
10040,500
37421,6700
53704,17150
53705,1300
10044,4000
63038,1500
63031,2000
18960,5000
63037,1800
45459,250
45458,54200
45103,21200
45101,250
48211,2000
44278,1000
44274,1000
46814,32610
77381,42950
75040,2500
68144,8700
75044,1500
44202,20600
44410,1000
79109,52450
30461,1500
79101,40850
79105,2500
38655,800
38654,500
13045,4000
18040,4200
18041,4800
33844,9150
33511,3500
18045,35600
78676,47700
94536,2800
91010,32500
91011,41800
91012,56800
17815,450
94539,2000
75094,1250
27560,5800
27565,8750
40977,5200
08514,5000
83669,1000
08510,12000
83664,7200
03768,40150
83661,1000
07866,500
07643,500
07863,2000
07860,16250
07645,1000
07869,500
76092,79916
27624,5000
41520,4250
76099,500
59028,600
59022,2400
59027,400
28757,800
75093,49600
29171,17600
12553,14800
12803,250
75090,19200
39211,82750
39216,8700
35769,3800
50428,2800
35763,476
55344,2000
19711,5500
55347,5200
32234,6000
22664,600
06117,5000
06111,7700
60911,1390
60914,2292
24712,22200
66773,2300
65270,6300
65279,900
73065,1500
01588,1000
22003,21250
13601,11450
98466,2500
98464,1000
53122,9650
11768,2750
11762,250
96795,2100
96793,22300
96790,500
11765,7400
20744,5000
20745,2800
17033,1000
60007,1000
60005,7800
60004,15600
64055,55900
64056,800
99835,2500
80118,13200
46311,2500
80113,145650
80112,41400
80111,118298
28411,7100
20521,2000
45840,15800
45662,1600
04355,1000
04351,7400
48848,500
99519,4000
99518,21670
99515,16450
99517,5600
99516,72900
99511,500
99510,6000
08720,5000
44646,2200
08723,5000
08724,3000
41168,11100
73089,9000
15717,9600
91423,2900
10562,11050
70808,315739
70809,43810
10567,1000
70802,1000
70806,48000
32524,750
19151,500
37312,15050
37310,14400
37315,2500
30328,12217
30322,1200
30327,28400
30326,2500
59922,1750
30324,2000
80807,2350
95010,4000
53132,32400
95014,77700
32653,3711
90291,1000
68352,750
68601,2500
01201,4750
29585,250
76401,200
79714,1400
94947,1000
94941,108900
79710,265400
77575,500
77571,1000
55110,3750
55113,500
55112,5000
55115,2000
55116,14750
55119,9000
55118,1500
06854,13600
91208,9000
06850,4500
06851,9750
06853,100700
91203,5000
38351,750
35203,43000
35202,13200
35201,1500
35205,1676
07456,15604
02135,25100
02131,1900
02130,4250
11577,500
11576,2000
02139,7000
07458,17950
02030,500
19380,12400
19382,60150
74006,23850
97140,1800
46124,6000
98672,1574
98674,2000
55806,500
55804,500
55808,4500
32003,750
06323,1000
12009,4000
26386,2000
57401,32025
94710,1600
21601,2750
84111,22000
45475,3000
24090,200
68164,10500
22802,5426
75063,2000
75062,93200
01057,750
75069,675
98858,2500
70128,2000
70657,1000
70124,13250
70122,1000
78380,14900
78382,2500
71291,7800
71292,500
71837,662
62896,322400
62895,9600
38639,1000
13066,32200
13063,14050
44256,2400
25443,54400
79382,20275
27545,1000
27544,2000
94556,4000
27542,500
27812,2000
94558,2150
94559,3000
17837,950
67114,10900
99723,1000
87112,1750
87110,72500
87111,8600
67119,1750
87114,800
44431,11200
85326,3000
29801,22600
29803,5500
08062,5000
08060,2000
07849,19750
02837,1000
02835,3500
07840,3600
47203,13600
07666,9000
47201,3200
27608,28160
27609,1250
80201,7700
27603,5000
27604,1500
27605,2000
27607,4000
75835,11600
78657,4900
29118,2250
78654,45400
31208,33200
31204,18600
72712,10200
72715,1000
79521,250
29860,218
12827,1000
95209,1000
50401,1000
52807,1000
52804,2000
97754,200
22644,14000
26559,350
50669,28200
77290,1500
26555,3200
26554,186000
22027,25900
01876,9600
73042,200
77035,1000
77030,4500
77031,3250
73049,2800
77038,6000
43452,500
32250,2900
32257,6000
32256,2000
32259,500
32258,5800
98118,2650
98119,29300
98116,133250
98117,19900
98115,96550
98112,153105
98110,11100
98111,6000
90805,3100
90802,1408
90803,26230
90808,1500
11740,4000
11743,53300
15236,3000
71105,12078
20723,2000
20721,6000
20895,10800
20896,2500
60069,3000
60068,2500
60061,8000
60060,46700
60062,87600
60065,18500
71458,7600
60067,5800
42325,20800
45869,20400
45648,1000
48236,4700
45865,6205
83854,6850
02791,250
02790,800
12211,45000
77067,16000
97207,500
54402,31800
54403,8300
70820,500
70821,118950
70354,262300
53577,22500
10506,243550
78469,36400
18944,4440
37377,11120
18946,4000
37379,2000
62791,15200
67560,550
80820,500
80829,800
04086,1000
10507,4200
01266,2000
68624,500
54555,12000
40232,250
33472,2900
91761,200
18360,6650
28340,4000
11103,1750
11101,6000
76179,5250
30342,29950
30349,6000
94960,9250
94965,2250
13850,1500
31561,2300
66966,12000
89014,8200
89011,5000
89012,750
38372,1000
06830,360950
06831,108550
07302,1000
94957,250
07305,250
33076,1000
23701,250
27018,3960
82435,25800
04967,14000
27010,5600
48843,2150
74020,2500
74023,1500
25701,4700
74029,8950
25705,1000
06883,141200
98611,750
97128,1500
73458,5000
48362,5900
32068,500
12027,3000
16222,2300
32060,1000
19901,1200
08332,1200
01460,2750
21620,4760
63073,17900
07606,16500
65536,20200
45414,34400
45419,28100
64489,2000
07601,40100
46506,11100
46507,10700
05767,2600
46859,3000
68105,7500
01075,1500
68109,6000
75081,2000
75080,2400
75082,250
60476,2000
94108,8750
38573,1000
94102,3000
94105,140200
94104,50284
94107,16800
14850,25500
33738,250
83440,5300
02476,2500
02474,6000
02472,10400
44234,4000
36102,400
02478,35110
02479,3000
84537,9500
33884,8600
94578,500
48067,250
04419,1000
94577,1750
99708,3700
99709,8800
99705,1000
99707,2000
79092,2500
15108,23100
02090,53900
15102,4750
15101,6500
77902,1000
77901,16790
29135,2600
77904,250
29138,2000
39564,3250
39565,2000
71762,9500
71765,4000
12590,8450
76234,1000
79504,12500
79506,250
79502,500
35901,400
92502,10200
44906,17400
92506,4000
44903,5500
02816,1000
02817,250
23060,1250
23061,200
02813,1000
66224,19500
66227,500
02818,10000
66220,21600
66223,14000
22620,1508
26537,26700
75501,39350
75503,2000
01890,17100
77018,42900
77019,221800
77014,3000
73020,1500
77010,16100
93105,5500
93103,2200
93108,165500
93109,1000
15234,2000
55303,4500
19029,2000
55305,49800
55306,8650
19025,1500
32904,2000
19027,37050
19026,1500
19020,4000
32903,12600
32902,4000
12517,250
17347,4000
52353,1000
15666,250
60047,52000
60046,2600
60045,319175
60044,58600
60043,26200
64015,19200
20878,27500
20879,12442
20877,3000
20874,15500
20704,3300
20705,600
60048,260800
16693,1500
94127,2750
42301,7200
94126,7500
78418,8200
98134,1500
98136,40100
98133,5900
94123,24500
98138,1250
70592,8100
53092,108700
39818,1000
53081,21650
53083,7000
53082,244600
97488,500
10526,500
53555,2000
10524,500
10523,1200
10522,2700
53223,17550
53222,1250
70374,68200
70373,6600
37356,9000
18964,600
24115,250
37350,19070
48214,7500
45331,10000
67547,500
67546,5500
05403,696
05401,19000
94709,12700
15442,13100
01245,8000
68310,500
40216,5400
07424,4000
40213,3000
14445,8000
33948,1400
02143,23500
94901,77700
94903,1000
79755,5100
94904,18450
79756,470
34994,3000
34996,13800
34997,7206
34990,168845
89032,19550
53233,2400
10538,14950
91006,1500
06810,2000
06811,4500
66053,13500
33311,250
23238,2000
04943,1000
23233,116600
23234,500
15312,750
15317,219400
15314,4350
27030,26820
82414,10000
48864,55800
74048,500
19530,1600
78933,500
03217,4600
97103,10600
98632,1100
35243,20500
35242,110750
39046,3000
32043,800
32046,1500
12043,12000
77469,3300
81147,11800
85390,24400
22042,3500
85396,6250
01930,3050
85395,600
65721,38400
45434,2000
45432,500
84738,1000
06268,2000
68128,1500
02454,7000
38804,67350
38802,5900
38555,500
94121,36030
17405,4000
17404,1200
68124,2500
17403,154090
68127,17400
70163,3000
26201,19200
90631,15276
60457,1700
90638,1200
02452,1000
36744,4000
14830,4000
11801,9600
58793,8000
33715,1400
54234,2750
20119,1000
20118,12100
20115,3200
20112,500
02458,5500
02459,10550
85646,6100
85648,3700
02451,1000
44216,4000
48009,7950
59771,30950
27856,1000
39601,750
95658,500
25143,2000
78343,440
76039,5750
34292,13700
76034,500
76031,2000
76033,10900
27587,40000
33573,1500
33572,1000
37650,19000
78163,800
37659,14000
30007,2428
30004,9550
30005,2000
30002,2000
12866,1200
72201,151400
76255,400
72207,73325
30009,11400
92563,1000
92562,2000
50441,5200
23002,600
66209,85700
02871,1500
02876,600
02874,6000
66203,1000
66202,1000
02879,5882
66207,5750
66206,11000
66205,19500
66204,500
74361,800
22603,3000
22601,1000
77259,4000
77256,48400
77257,16000
77255,1000
77253,2500
77251,4800
74133,500
28601,1750
28607,5000
73007,1500
95864,28000
73003,3300
73009,500
73008,5500
77079,378400
77072,3200
77070,400
77071,12957
77077,47828
19009,100924
19008,5250
19003,2000
19002,77750
19007,500
19006,17800
19004,52450
60201,25550
60203,2500
60202,5650
11782,9000
00920,6900
93389,500
82609,2500
61265,5000
61266,9000
82605,26300
82604,8300
82601,27600
82602,22600
74525,2000
42366,1000
80602,2050
80601,2000
17364,2000
98401,1000
98402,500
17360,12500
98406,1000
98155,1500
11377,3000
99577,5082
70577,500
16415,500
95409,1600
95403,4250
92869,6400
20854,60475
20850,25300
20852,3000
20853,1000
17098,4000
53203,5000
53202,196200
19148,1500
53208,2250
49270,200
32827,21200
91436,9520
22980,1600
92647,500
55021,275
37407,4000
37406,1000
37405,24620
45601,1500
45356,3000
04336,2000
04330,28100
80863,1700
40059,18750
44004,1500
44003,2000
05426,500
13126,2400
78576,1000
71047,1000
78572,5000
71043,20800
78578,500
28472,2100
33967,1500
91403,6000
91402,6200
91401,26000
94920,39150
67526,4500
89053,2000
89052,31050
31522,1000
63146,1500
47589,12500
47586,6000
29072,10400
47725,1450
47720,10700
02199,15098
66070,800
79567,250
87401,73100
87402,37100
48059,41900
72205,18000
15370,9600
12414,2000
92178,1800
92171,9600
74063,6500
74066,7750
06037,500
34713,2000
72543,3400
73942,1500
50169,13600
32714,11000
32712,1250
06340,2250
06437,3500
97386,800
06430,28000
12065,1500
12067,6000
46825,7500
77441,500
81122,1000
77447,5000
77445,250
77449,730
82834,6200
49512,1000
21663,13819
21842,800
46721,1250
45805,1000
66208,97400
93442,8000
43110,2500
97520,15600
46544,2150
46545,18970
38826,500
60439,20200
60430,800
60435,1600
80290,11000
80293,4000
48642,2250
48640,4000
20136,500
27205,750
83401,1000
83405,2300
85118,5300
42642,24600
45015,19200
45014,5000
48025,32600
04103,6000
41042,750
04105,34200
04106,1000
04107,10450
95678,250
95670,500
39666,1000
80210,58250
33773,660
48877,400
33774,27740
85331,3750
98501,400
15142,30500
15143,155870
15146,1200
15147,5000
76013,2500
76012,10900
76010,700
76016,14800
76015,91100
80215,15600
80216,12400
80217,17838
31738,1000
33598,500
33596,250
30024,14500
08012,4000
30022,10000
26651,500
50317,10800
50310,9600
50312,1500
50313,5400
03104,1000
92545,8500
03458,15700
92543,7575
39296,2500
72045,23600
68504,800
68505,4000
68502,6200
47918,500
68501,1500
28590,1988
47265,2500
68508,600
77270,2000
71106,182250
72221,14500
91364,22950
72223,27150
91362,4250
91361,6400
79549,500
95841,4000
77053,1000
77055,35950
77056,475226
77057,111460
77058,1000
77059,2100
35630,250
32940,200
19063,82400
19064,1000
19067,7000
19066,12000
07753,2300
25356,19200
00907,12000
76904,23166
76901,400
76903,11600
76902,1200
27263,1601
27260,20800
64502,105700
64506,147100
64507,33000
64505,98000
42437,1350
42345,12800
42431,25400
17301,27600
98177,176210
53044,98250
70084,26800
61938,10600
20832,5000
20830,2000
64068,2750
53593,250
46970,400
76110,500
95054,500
75104,8250
01757,1000
01754,3400
22960,2945
98290,3200
70550,1300
45371,3000
45373,1000
44023,43700
44022,100000
44027,2000
44024,36200
70884,28400
13104,5950
70339,8800
18301,23150
78551,250
33446,7500
17931,2800
38025,250
33908,71050
28451,200
33444,500
38028,3000
33907,1550
87053,1000
92707,4800
67502,4000
67052,1500
94506,8000
07109,6800
66901,1100
89074,4800
41701,3000
85902,1900
27539,7860
15683,11000
15686,1500
29054,2000
29501,1800
29503,500
66018,500
66012,4600
15425,3000
30904,4500
34483,2000
48823,2000
30909,5000
55082,1200
72560,500
55734,6600
19475,500
32550,750
06897,34650
03830,6000
32779,17800
48317,1000
32777,250
06419,2400
06415,1000
06416,500
06417,1000
06410,3000
24083,4000
06413,1000
77429,16050
77423,1500
86336,8550
26301,66200
43130,68200
84645,900
93463,1800
32086,500
80751,848
32080,1200
32082,45700
98230,3000
17112,6550
52501,11500
17110,750
97504,3600
60410,12700
60142,12000
60143,3000
60417,2000
38843,49900
60148,3600
42086,2000
46706,1000
20153,5000
20155,4500
84081,1000
84087,1500
48133,5000
44701,3000
44708,32800
45323,640
45030,2000
45036,2000
87195,1000
45039,2200
87199,550
27890,2750
27893,250
10464,600
99019,24400
39649,1000
63143,500
95618,14000
63147,500
71211,12200
63144,27600
95612,17000
95616,8000
95617,50755
33028,14400
33756,26650
33755,250
37075,2400
54901,42200
33020,500
37070,1000
54902,5750
39501,7000
39502,4000
39503,10600
39506,4000
39507,3000
30318,8000
37617,500
37615,36500
30047,1300
30044,800
30045,4000
03431,2000
28025,250
28027,5900
28026,18000
72022,1250
72023,1000
68528,1000
68526,500
87532,2250
77219,7200
98404,900
91610,177750
92831,5000
95822,1500
95825,1000
92835,500
92834,5000
93614,4500
93611,1300
11214,1000
11215,6150
11219,2200
07739,500
32969,300
32967,12100
32966,500
32964,1000
32963,494240
19041,105200
19040,1000
22311,9500
22310,14658
22312,15000
22315,9500
22314,56650
61739,10100
00968,5000
74745,4250
82644,2000
42413,41450
16635,1000
08003,17450
80644,500
73162,18080
06066,4000
12748,10275
97756,800
20062,2800
06069,2400
06068,140600
55402,12000
64747,8000
55401,1250
10925,400
17325,700
17327,2800
95448,2500
53066,41300
20818,24250
20814,134600
20815,325750
20816,53600
20817,123132
85541,97535
05602,9200
63801,29800
01776,19100
01773,15350
49230,5600
49721,500
01778,4500
75169,250
94062,88550
94061,2250
75160,2000
75165,1000
70533,3000
70538,6500
71913,10350
96932,7578
60605,16100
60604,26084
60607,8500
60606,86450
60601,74500
60600,2000
60603,25500
60602,24700
60609,1000
60608,4800
10580,23900
10583,126600
33920,250
33921,400
78539,500
33924,31800
33928,500
78537,5000
71006,13600
02176,400
27408,123800
87031,1600
44040,100500
44514,15200
02601,500
03608,13800
47542,1500
12983,1000
29528,1500
29520,500
29036,1717
59270,5500
92130,8800
92131,600
91801,54600
02120,500
78956,17000
34759,1400
50126,12050
50124,1474
50122,4800
08836,2800
08830,250
08831,1600
66032,1000
24450,3600
06385,5500
77406,10000
77404,1000
77402,400
77401,38207
06473,5000
08043,16500
22124,18750
06475,2250
43730,800
13760,900
86314,1000
19454,1000
19450,2000
32571,1000
37402,9000
32579,6000
98039,28300
75379,29000
98034,1700
98031,500
98033,60150
35406,31600
35403,4000
32750,3500
32751,28500
38866,800
56001,1000
98257,500
85374,3000
85375,4150
85376,28000
85377,55000
74170,250
36272,2000
49007,15150
42064,250
45238,2000
20176,5500
45237,9600
48604,1000
45231,10800
45230,2000
45233,500
20170,38210
04112,16000
80435,3000
80437,5600
44720,2200
80439,121250
12175,9600
12170,600
42602,800
46580,1000
90035,2000
90034,2400
90036,36725
90032,250
59715,25000
59714,24800
90039,7600
59860,2100
59711,500
45056,1200
29202,29600
29201,4000
29206,20800
29205,2700
29209,1000
10112,103400
63129,8500
63128,9000
71270,750
18801,700
63123,2000
63122,25050
63125,10000
63124,341341
63127,47550
63126,5250
54927,17400
33776,500
80926,900
80923,1000
80920,600
80921,4200
80928,500
40356,15150
40351,500
40602,1000
40601,2850
83001,40000
83002,26966
24201,1500
24202,22750
58401,7000
34231,6700
34230,800
34232,2000
34235,12320
34236,69275
34239,5000
34238,3000
72002,1600
76054,250
76052,300
76051,29500
30060,2000
30062,2800
30064,8250
30066,2800
30067,28900
30068,16300
72913,3500
91321,1000
91326,1527
91324,254920
06480,11600
11238,17400
47374,500
89519,48761
07716,5000
07717,1000
11230,9000
11231,19200
89510,12528
89511,51818
51401,500
25311,38900
25313,7500
25314,162900
44147,3200
23422,2000
92675,2400
77095,52202
77096,500
77090,500
77091,2000
77092,1000
39121,2800
77098,292509
77099,1000
74818,11300
55960,2400
06042,500
06040,1000
57528,800
32819,9130
43074,20200
81645,9996
64093,700
43078,2200
49740,7200
46240,23450
75142,3250
01719,500
94041,250
94043,7200
53005,3200
92325,1000
53006,46200
13492,1850
70512,35200
90202,6100
96910,19966
05489,9600
05486,2000
05482,45865
71646,3000
62448,1000
62995,2400
60622,9600
60626,1000
60625,11500
63010,500
18618,7200
37938,1300
37932,750
18612,450
18614,2700
37934,5200
38068,600
48167,26200
04538,14000
48161,250
48168,14700
44062,19200
44060,1700
15642,8050
29016,42000
29014,3000
40291,2500
40299,3500
78041,3500
91791,3000
72616,7750
15468,500
94555,1800
92118,25000
92119,2700
92110,4000
92111,2000
03087,2700
92115,6250
92116,1000
92117,12700
01950,20800
01952,7500
34777,500
61362,1000
77396,5600
67901,14496
77399,500
08858,600
85922,1250
06906,350
06451,4750
22102,61375
06905,500
06902,44150
06903,23450
06457,750
50309,2500
89169,2750
45839,33800
32513,6000
19436,12000
19438,2500
93244,1500
98010,924
93427,600
07504,1000
96145,1000
02026,25350
02021,16900
07503,1000
93420,39700
07508,500
60487,500
68843,600
69361,4000
60108,2500
60103,6000
80232,1000
80230,10000
47274,1000
74159,19150
80238,9400
02362,400
02360,19700
02332,250
46038,2250
82501,2500
24851,2500
42041,5200
46035,720
46032,35440
46033,4650
46746,1500
45219,950
45215,18700
48374,500
98275,3150
97232,4050
12159,10100
97231,10000
97239,15080
90012,5000
90010,1500
90017,3250
90015,1000
90019,250
59840,225
29229,9600
63105,602378
63104,1000
63103,24200
63102,14400
63101,2250
29223,20700
63109,500
63108,10700
54941,4000
33062,18300
37036,2000
33064,5500
33067,1100
21754,400
49685,5000
49686,5000
84049,1000
84043,750
05836,800
80908,1500
80909,9800
80904,13560
80906,71182
80907,800
01106,5000
68701,22400
68702,11500
30338,10500
48083,7000
48085,14000
48084,13150
48088,1500
67228,800
44303,1700
29485,300
67220,400
67226,41800
29482,12000
29483,8250
79070,3000
32952,14000
58466,600
30263,1000
76708,1500
34218,500
34217,1000
30269,3000
34212,1900
78705,9200
78704,18300
78701,6450
78703,112000
32953,500
78709,402
07080,32500
07081,2350
07082,4000
07086,4000
91301,6000
91302,498
91304,2000
91307,300
91376,2000
30087,5250
30084,1000
30080,3000
93654,7600
93657,2000
95350,400
23999,1000
27284,500
73013,221150
27282,9500
02482,10400
92653,4300
92652,9600
92651,58300
92657,31128
92656,5300
92879,2500
92307,1000
92658,27800
73083,1000
16673,750
32303,250
32302,34500
32301,2000
74834,1000
32308,9500
42450,22800
55901,1450
55906,1500
10965,2000
10960,3000
64701,2000
78613,3000
21108,1000
26152,2400
43050,187741
43056,500
43055,750
43054,56600
81620,44800
81621,1000
46260,58850
05641,500
46268,11000
01730,1750
22901,29000
22902,37450
22903,54800
51301,500
70065,1850
94028,38400
90221,1000
94022,135620
94023,27400
94026,16000
94027,72350
94024,192300
94025,36589
57501,6543
53029,53900
53022,2500
33478,7000
33477,97969
33475,3000
54880,500
58672,11550
90069,86330
54143,250
52732,8400
60649,31200
36532,9902
60640,500
60643,6500
60647,19000
85051,250
85050,5300
34972,3000
67030,9600
15668,26000
59108,400
59106,104000
59104,3000
59105,550
59102,43250
59103,99900
59101,2450
29560,3300
37774,400
37771,4650
37772,750
78064,2000
76578,1000
76579,11000
76571,1600
72635,2000
72634,3550
39350,68300
50704,5200
50702,1000
50701,11900
02911,9700
02910,17600
02914,1500
66610,8000
66611,2000
66614,1000
06612,2000
61349,4050
06611,8250
06615,1500
01938,17000
61345,12000
08872,24200
08873,500
77379,17850
08876,2000
77375,21900
77377,31150
77373,500
28219,17410
28210,56800
28211,69490
89141,22600
92270,42950
89145,5000
89144,8500
11375,29700
11374,2000
89149,2500
89148,4000
03561,2150
11373,19200
11372,500
32828,2400
19149,2000
19146,1500
19147,400
19144,10000
32825,2500
32822,7400
32821,1250
85705,5200
44139,95050
07522,1000
92694,1250
32790,3080
32792,1800
61525,5800
61528,4400
64119,3000
64118,1000
60126,7850
64114,4000
64116,2450
64111,3250
64113,13450
64112,5000
25430,28800
25124,10400
80218,63400
42029,750
80211,7500
80212,10300
74136,112700
74137,69250
74134,2000
74135,8600
98071,1000
98070,4000
98075,6500
98074,2000
98077,6000
99216,7200
95548,5000
16801,11050
97218,3000
97219,9100
97214,500
97215,3000
98296,700
97210,44000
97211,7300
97212,7400
97213,10350
10153,6000
10154,11500
90071,9700
70726,500
90077,9400
18848,1000
54968,4000
14895,153600
33043,750
33042,500
33040,13600
48310,400
48313,3400
48312,5500
48315,2000
48314,750
03833,28000
48316,3000
84060,19000
14094,35750
14092,500
98923,250
98922,1000
59826,2600
44320,5000
44321,4400
45891,1000
79014,4800
79015,1000
33458,53295
71350,4750
30240,250
30534,500
78722,500
78726,2000
78728,1000
67202,46300
67204,2200
67205,5300
67206,97650
67207,13350
67208,3400
72753,2400
23606,11550
23601,1000
23602,9600
76185,5500
76180,11500
59313,500
15051,2550
29606,2000
29607,17100
29605,3500
29602,500
29601,21932
29609,6500
23462,4000
34637,4000
72404,2400
92630,9883
92637,3500
19352,2000
19355,83750
16127,27200
19606,2100
16652,19200
74857,3100
19602,1160
06002,1250
06001,6500
77586,500
77581,4400
24605,14250
24609,14599
65453,5600
16059,6190
75454,500
38751,753
81601,1000
16509,9600
11580,1750
43035,5000
16057,3000
46208,500
16503,1000
46202,12500
46205,250
46204,25272
46206,12300
79831,500
17529,4500
75672,2500
17522,3000
70002,14150
70003,4000
70001,166500
90247,11000
70005,62950
90249,20400
85296,1000
85295,3000
62401,1400
33180,11850
60661,1500
60660,12500
89704,63302
85072,28900
80550,600
80005,1500
80007,1500
04579,24500
48439,1100
99155,5800
99403,1450
99153,1000
48122,2000
48126,36700
48127,1000
48124,5800
34957,4250
02667,1000
33455,70400
11961,1000
78269,2000
71603,2630
11969,3800
78260,12400
15601,11300
30180,2000
30189,1000
30188,4000
53404,1000
53403,24500
53402,12800
33980,924
78009,21500
37205,168400
33239,4800
78006,47200
37203,1000
15931,4000
08096,434
92404,3600
50271,700
68937,2916
01915,6000
03229,2700
20132,4400
77356,2500
77355,1000
77354,3000
66092,2000
28235,48724
14512,11400
11030,11900
79606,4000
79605,61560
79604,36000
79602,2000
94583,4850
28722,500
28721,19400
43206,4000
43207,4000
43204,7500
43209,52864
32804,3710
32805,2000
32806,500
11358,6364
32801,1000
32802,2000
32803,2000
89121,7800
89120,13250
11357,10200
11355,2500
55008,1600
02061,7500
02062,2000
02067,7500
06492,24850
82729,500
64139,500
74112,7000
74114,139900
74119,42400
46077,9500
46074,700
42001,9645
52233,5200
98053,1000
98052,5750
98050,4600
53183,2000
53186,38350
53187,9600
53189,2000
04102,4000
32114,400
16825,800
02492,2000
02493,29000
02494,1400
32118,18350
12110,5000
12116,7750
75961,500
95695,7100
10171,5000
84003,250
75240,1000
84004,9600
75244,9800
75248,8200
48336,1550
45255,2900
48334,51900
48333,13000
48331,2000
85716,2500
85715,3000
85712,200
85710,250
44124,74400
44122,187300
44691,20632
85718,25550
44121,200
05301,250
49426,5000
49423,1250
94611,48450
94612,63300
94619,2000
79357,500
94586,750
90720,250
90723,4350
59808,17700
59807,1000
59806,1000
59802,8500
59801,11550
71166,18850
71162,4150
79601,13100
71161,2000
14219,31500
14214,3000
30517,1000
30512,500
62236,2500
62234,8500
36619,19200
36618,4000
07044,4200
07045,250
07046,149400
07047,2400
07040,2000
07042,13700
07043,10250
78746,125250
37091,5950
18510,2500
29910,13300
83712,6500
07950,6800
66422,200
23669,1200
89823,1650
27713,2000
77834,1500
29627,500
77833,17800
06796,5500
06795,2000
06794,19300
06793,56846
06791,38400
06790,8500
06798,750
92614,9700
92612,13000
92346,687
92618,3000
34275,1630
89129,750
89128,14900
19333,8000
19335,3700
16105,7200
64836,1000
64834,36600
93309,19600
65301,4414
89127,7000
43017,36500
43016,43050
43015,26000
31820,9600
43545,4200
28443,1150
77651,2100
43019,32200
74873,32150
53717,1000
17509,4000
90265,29400
90266,54300
17019,3000
52772,14100
62931,5500
62930,1500
60680,158600
74301,1000
60029,6000
46227,800
80538,14050
46221,5000
46220,5000
80023,11200
80021,5000
85012,8800
80027,5000
80026,4000
80537,4900
85016,11700
80020,500
48450,1400
48103,29000
48104,8550
48105,26600
45750,1400
20901,3000
48108,500
04220,600
62684,1500
19610,6000
78245,4200
78247,500
78240,4500
39703,1000
39701,4300
78248,1500
78249,26000
39704,4000
39705,30670
33432,70350
33433,3000
33431,31000
33436,3000
33437,2100
33434,5000
33435,2000
12309,7000
30165,6000
15626,8200
33126,31050
87502,3950
78023,15050
78025,250
78028,6750
63336,500
49858,200
37221,3450
37220,600
30701,13100
30703,7600
30707,2000
50212,1992
50216,2000
50219,5000
76354,500
77339,2183
03249,10150
03246,1000
03245,400
28704,15500
14534,600
03101,8000
76531,500
79370,200
91731,1200
91733,2500
73106,250
73107,16500
73104,1400
73102,41739
73101,3500
43228,2000
43229,2500
89104,4000
89103,4000
89102,38600
43220,30300
43221,24650
89109,500
19102,97813
19103,33050
51031,1000
19106,18500
19107,4500
55068,3900
19109,2000
60302,3500
60304,1000
60305,6500
02043,11000
23832,500
27106,9460
27105,4000
27104,21250
27103,11200
27101,3960
76821,1000
03585,1000
43955,3000
43952,8000
43953,177700
43950,59600
80701,12620
74465,4800
02303,7000
97070,3000
68154,9000
52213,26800
96706,6600
93953,2800
32137,2000
64151,1000
64152,2000
64157,500
56085,1000
56082,25000
63435,44400
57350,2000
57353,500
05091,4000
75229,109650
75220,45000
84025,23200
75225,288900
84020,8000
45503,1000
45504,1000
85739,2550
85737,14980
90703,484
90701,17600
90706,3000
70769,12059
70767,5000
70764,2750
70762,9200
54301,104700
38701,3000
38702,500
44406,4000
30577,1500
20020,29400
20024,9200
44105,1700
44106,51700
44107,7300
44101,1040
44102,500
44103,2000
44108,8400
07026,2500
07024,42200
07028,800
04055,500
14607,23700
99615,1500
99610,14400
99611,42600
29938,500
72952,1000
29420,750
07974,24000
07976,23900
72227,17900
59425,325
59427,25400
15015,1000
15017,91750
78763,1000
29642,9200
78768,49700
79416,250
32459,300
91942,1200
79413,3000
91941,2500
77052,9600
06776,2400
80498,1000
34677,42650
32548,1000
50530,5200
50022,750
35811,1500
35816,250
06511,43600
06510,30300
06513,3000
06512,24200
22514,2000
70037,11600
28117,2250
28110,3200
18054,1600
43566,4500
59901,2500
43560,17700
19317,44700
19312,11000
19311,3000
93545,4000
93546,436
93010,14250
30306,21200
17566,1000
19060,3000
97623,800
60515,38600
60517,250
60516,4750
60510,500
60513,1500
85259,55950
85258,46150
85253,216500
85251,11800
85250,12600
85257,2600
85255,295700
85254,2750
62918,42150
20616,2000
80517,2000
05152,8000
42211,1000
95714,23500
10038,3000
10036,68725
10033,1000
78223,500
78224,16700
33418,155700
91003,400
54829,800
33146,128716
33412,7250
33142,35560
33143,145600
33140,23350
70401,24800
27511,6999
37716,4750
78596,1200
68465,800
36803,1200
83340,8774
58741,500
47874,250
03260,400
40475,500
77318,6000
77316,1000
18034,23600
18036,32100
37861,1500
37862,3100
67831,450
62002,6300
28270,26500
28277,4900
38138,10900
38139,22250
38132,1000
72830,4000
91711,4650
93710,21000
06706,2000
19128,4000
19129,500
80015,9900
55044,250
55043,400
55042,250
25832,11100
15205,7500
15206,4100
65804,600
15202,5000
04856,20300
65809,113900
15208,250
73125,4000
73126,5000
73127,2600
73120,22860
73121,2500
73122,1250
73123,500
22180,8500
22181,48350
22182,37100
73129,20400
28305,750
44120,17000
74402,2000
74403,13900
80723,500
58503,12450
97015,4000
28303,4750
47906,68503
10804,4000
56537,6000
92008,1000
10803,15414
96720,11500
57110,78950
14075,4000
32159,1225
21061,500
60083,900
60181,1250
60187,1086
60185,1300
60188,1719
60189,6000
49601,2000
75206,22700
75205,360585
75756,2500
75201,239600
21201,500
21204,34651
75208,450
03854,34070
03850,4000
43606,5500
53146,6000
53147,23600
81055,1000
54494,2500
85750,41400
85754,500
94618,21250
17046,1000
52631,2000
17042,4000
13203,8000
13202,7400
71129,1000
33609,1400
33605,26000
33606,2250
18201,2750
45385,7000
20006,26388
20005,39600
20004,66750
20003,52800
20002,127750
20001,37332
20009,129400
20008,206970
30558,600
71342,20400
99588,2500
08759,11500
08755,1000
08757,8960
08202,3500
07008,2000
84403,1000
07006,7600
04079,4000
04074,3900
91381,1000
41601,8300
71163,7600
29406,5000
29407,44200
29401,1000
29402,2000
29403,500
59404,2400
97838,250
30802,2000
77871,5200
95065,1100
95066,300
95061,1200
95060,8710
73801,7700
95062,37400
31602,1000
31601,1000
34655,3550
67846,40900
06759,27100
39180,15200
39181,4000
39183,2000
06757,38000
06754,28200
44839,440
50006,7200
44830,1000
23116,1000
23111,500
23112,2400
22576,2500
22578,285
75360,2000
60404,1000
98374,750
98371,2250
93035,4000
93033,1200
55987,16100
32207,14600
96001,1500
51201,77950
32204,5500
52406,1000
16514,1000
17543,7300
98516,6700
17545,9500
60532,2500
85233,4000
85234,11950
85236,500
11694,2000
11691,2600
27312,3000
65340,76800
78749,3250
45174,1000
99353,250
99352,16701
99354,800
02535,55900
02534,10400
97355,1000
97603,1100
42726,1000
10019,326100
10018,4000
10013,61150
10012,118850
10011,184182
10010,148350
10017,153300
10016,103300
10014,75648
78209,111525
33166,29792
33160,4600
33161,12000
50265,3750
78201,45700
78202,500
78205,141760
23103,1000
07470,18800
24060,8300
09344,1000
39367,4000
03062,20200
03063,4000
44442,1200
68224,250
58721,600
58722,2000
30126,2500
76644,200
76643,400
18013,1000
14572,200
54115,52300
18017,17000
18015,184600
18018,7300
38111,3000
91773,2000
38116,4000
38117,8600
17847,1600
34461,900
02886,4500
89413,1500
02888,6000
61615,14600
61614,21400
61616,37360
72761,500
72768,2000
15222,262696
15220,3050
15224,3390
15228,6500
73142,162236
73141,1500
73144,4000
73148,2000
20678,750
97034,7200
97035,157400
92028,11577
92029,5600
92024,12190
92027,1420
92020,750
92023,1236
21044,6000
21045,500
32174,21200
16335,11350
32176,1000
21043,4708
32178,2000
96743,10500
96745,800
59746,3000
09760,500
41076,400
43915,7500
81212,2400
81215,2600
21222,500
21224,2000
46360,7400
05055,4000
05051,9350
75773,2500
81073,4600
79932,3725
79934,217
11735,2750
53120,600
53121,7000
11731,900
11733,50500
11732,2000
53129,3250
43623,500
96813,71398
96812,4000
96815,48700
96814,5100
96817,60900
96816,22700
96819,39700
96818,61600
54476,21500
17068,4800
62563,2250
90740,6750
33629,22000
33331,14200
33330,16800
14903,1600
33332,21360
14904,800
62708,2000
62702,20800
62703,4400
62701,2500
62704,10800
85082,6500
80306,10932
44149,3000
80304,113594
80305,39500
80302,125750
80303,2900
80301,8400
44140,5271
44141,6500
44145,2250
02703,2000
59645,500
15767,3000
04011,2500
40391,500
40390,300
29466,3250
29464,19652
99654,1500
71101,215400
71104,3600
71457,4000
18222,11400
71107,2000
78414,750
78417,7200
78411,26500
78413,9000
33767,19200
76453,14800
76450,7390
76109,27700
76108,10400
76107,59502
76101,37300
76102,466500
37065,1000
71202,2000
15501,1200
71201,1500
29685,2200
29680,2000
29681,39702
07712,2000
34103,88600
34102,198850
34107,250
34106,700
34105,128100
06880,51600
91902,3500
79453,1250
34109,11400
34108,232620
50579,4800
44851,2600
07931,1200
28480,2000
07936,2000
28335,2600
28334,5200
06085,5000
22554,820
31082,6000
77502,1700
62625,1500
38305,6500
55436,22950
55438,2000
55439,11850
32411,2000
98683,25500
98684,600
35502,2000
02144,8500
07422,20800
07423,1750
02140,25332
11509,1000
02148,19150
65101,81616
65102,1000
61132,14300
65109,41800
60555,3300
60558,17500
94087,2000
18403,1500
85219,14400
85218,9600
85215,750
85213,1000
85210,86800
75904,3200
98357,6100
46173,1500
27330,400
46176,4350
99337,2600
99336,5600
99338,2000
02557,500
42701,9200
42702,600
46282,6000
16101,1500
10075,87600
33109,4635
45157,4000
45150,500
62959,86550
62951,900
44286,45000
70448,5600
44281,2100
70447,2250
49837,500
49344,400
49341,2000
75010,13700
75011,1700
04101,7000
75019,750
89077,1000
45734,900
84302,4008
41472,500
03049,11950
44460,1000
08015,2000
08540,47450
58257,500
58703,15400
58702,12000
58701,18210
76667,3000
30107,6000
30105,2200
30101,3300
78627,15000
78624,37250
78620,1000
18078,5000
18071,5100
54130,2000
33813,6250
27536,5000
27532,2000
91024,1000
94507,12750
91754,400
94501,2750
91752,1000
94502,250
89434,5000
89432,19300
89431,3000
31410,4300
31411,28050
31414,2250
07632,2000
07631,23000
07630,2000
59070,20800
23325,1000
28813,2400
23322,3200
23321,500
66720,1000
72745,250
15241,79150
15243,24800
12564,2000
35976,14400
73160,2510
92227,500
92596,4200
39225,12250
92220,1200
95901,500
85338,2000
28581,4000
92049,250
92040,750
21022,2800
19525,21600
21029,2800
19522,1600
95492,3200
01801,520
12193,7000
77713,3100
46619,750
46617,2200
46614,2200
46342,2000
21797,4000
79915,5000
43542,1000
79912,10100
75711,500
75710,19600
75713,2000
30907,1000
90505,5100
03894,34800
11710,1400
93311,750
96761,3000
93312,500
53105,7500
96768,5500
97415,1200
54455,2100
64064,12500
20779,8100
64060,700
20777,350
17004,1000
17007,2000
20772,956
48519,500
56278,2000
44614,1000
70819,5200
36695,6000
36691,4600
83536,600
04032,1000
15748,1500
95128,2100
95124,1900
29442,2000
95120,12800
29445,10350
33317,1000
33316,65050
33314,500
33312,2400
33647,275
18249,1200
15522,19200
59911,30900
59912,1000
76430,257960
76437,20800
95020,695
01236,1000
37128,6600
37129,5750
19807,15150
34698,11680
34690,5000
40511,5200
79106,16570
40515,5000
67801,800
92692,1800
92691,17200
92690,5200
32128,4000
14432,67550
28312,15200
28311,6100
22209,63630
77521,9500
22203,60700
22202,19500
22201,100500
22207,158450
22206,14000
22205,19400
22204,6500
28173,14400
55418,500
55419,9300
38320,4000
55410,8950
55414,2250
55416,23450
73402,1000
73401,500
89523,2500
18043,25000
37814,6200
02169,52750
51248,2000
07401,200
87499,25600
25005,2600
25003,2400
30641,1000
98331,4000
98335,26400
25267,4000
32034,70146
02574,1000
19958,1600
48322,2500
88002,2000
53719,3750
36867,14400
10055,7200
53711,14400
36863,2800
53713,25900
53548,1000
63005,75750
33129,1500
54843,49901
54846,480
45133,9000
26003,181250
48325,53600
85635,1000
44266,500
44260,1100
46801,500
46807,2000
46805,2000
46804,12250
46809,2000
75038,49750
75039,48700
75034,17900
75035,250
68405,2500
98801,21600
75032,17550
75033,500
70605,25632
70601,100732
70602,56525
48182,1300
48187,7950
71801,1000
22026,750
08525,10250
58273,6600
14606,14400
33785,800
33782,500
20187,10000
79119,1400
79118,13000
70461,31030
13035,16850
13032,2800
07642,5500
37804,800
37803,3100
37802,3000
78606,65200
18059,1000
18058,1000
62067,1750
62062,250
33873,1000
54151,500
28785,1000
54155,21600
80539,7000
27518,950
27519,3480
85018,52950
94523,1000
22140,250
27516,1750
27517,6300
91007,1400
94526,3500
94525,1000
08034,1000
08033,56502
67124,1000
07652,3000
07656,12500
23528,500
46996,1000
85013,21700
45243,196500
45244,11460
03801,3250
45246,4800
77957,250
46228,13500
66748,1800
74602,1000
74604,4400
20904,2700
12815,1200
82070,8000
12540,3000
20902,3000
77426,5200
92201,1400
39201,87000
95928,2100
27886,23550
50430,2000
55352,500
55357,8200
55356,14750
16046,450
19095,9600
19096,9050
32205,800
32202,75780
32203,600
19720,6500
32201,2400
12603,800
92064,11040
92067,71090
92069,400
19540,2600
07733,12400
19547,5000
22079,1500
01821,2000
43402,4550
81525,1000
81521,300
41091,7150
96789,98450
11771,800
57601,500
19899,8000
17022,9700
97436,250
20759,1000
60035,83224
60031,3750
46634,3250
49116,19200
46637,400
80128,500
80129,12950
80126,10000
80127,24100
80124,9500
80125,5200
80122,4050
80123,22800
80120,19750
80121,77600
62298,250
83805,15000
08738,1200
02748,2000
08736,15500
08731,2000
08730,2000
11937,750
59601,22200
59602,1400
64012,9600
10552,4000
70810,328080
70815,3500
70817,48950
70816,4750
32084,2000
18914,1600
20770,500
37320,1500
59937,6859
59935,6700
30319,38400
15090,26100
30313,7450
30642,500
39439,600
44094,70900
44095,1000
95008,500
95005,2000
95003,800
39437,1000
17331,2000
47401,4000
06840,295750
98236,4900
18066,1600
28374,7500
76140,2000
72110,1000
72116,2200
72114,12500
72115,21200
72119,4800
77546,2500
73644,2000
71082,21600
13820,1000
13827,400
34145,21300
38345,500
